"Name","Length","LastWriteTime"
"1745646162346-20250426134314-d896ord.png","320123","2025/4/26 5:43:14"
"83439b160a253968d2fc33581db1575-20250515211459-gzjfj5e.png","666460","2025/5/15 13:14:58"
"屏幕截图 2025-04-26 104741-20250426113250-sl6h3eg.png","116213","2025/4/26 3:32:50"
"屏幕截图 2025-04-26 104815-20250426113109-k4fw5cp.png","548063","2025/4/26 3:31:08"
"提示：小猫给了你一张交换图-20250317190325-yqx4rmr.jpg","42323","2025/3/17 11:03:24"
"image-20250312220558-9bu4qm0.png","177130","2025/3/12 14:05:58"
"image-20250312220618-hdrtkmt.png","13525","2025/3/12 14:06:18"
"image-20250312220657-o3nr5tx.png","79384","2025/3/12 14:06:56"
"image-20250312220744-tt3moj5.png","7960","2025/3/12 14:07:44"
"image-20250312220814-mpb0x7v.png","72536","2025/3/12 14:08:14"
"image-20250312220905-37qypl4.png","272950","2025/3/12 14:09:04"
"image-20250312221113-mxk475l.png","163269","2025/3/12 14:11:12"
"image-20250312221153-94tsrdq.png","308138","2025/3/12 14:11:52"
"image-20250312221331-71uj91q.png","145358","2025/3/12 14:13:30"
"image-20250312221348-wrl8flz.png","100918","2025/3/12 14:13:48"
"image-20250312221450-ykjik6e.png","222850","2025/3/12 14:14:50"
"image-20250312221514-5uawug5.png","246502","2025/3/12 14:15:14"
"image-20250312221554-r0paeyh.png","20247","2025/3/12 14:15:54"
"image-20250312221613-8q4mwpe.png","23156","2025/3/12 14:16:12"
"image-20250312221734-049z3sa.png","12304","2025/3/12 14:17:34"
"image-20250312221747-v4dlh93.png","43084","2025/3/12 14:17:46"
"image-20250312221804-pqlau60.png","82151","2025/3/12 14:18:04"
"image-20250312221822-dr1wt4r.png","115691","2025/3/12 14:18:22"
"image-20250312222000-rts8cem.png","267702","2025/3/12 14:20:00"
"image-20250312222021-nf1qq57.png","230861","2025/3/12 14:20:20"
"image-20250313195915-gt92mnq.png","70730","2025/3/13 11:59:14"
"image-20250313210612-8dyjm0o.png","89672","2025/3/13 13:06:12"
"image-20250313211324-2v1ys9s.png","30349","2025/3/13 13:13:24"
"image-20250313211334-38gegv7.png","117154","2025/3/13 13:13:34"
"image-20250313211352-6ak0izh.png","36045","2025/3/13 13:13:52"
"image-20250317190258-9ahtz3f.png","62208","2025/3/17 11:02:58"
"image-20250318190200-ybwklbr.png","86690","2025/3/18 11:02:00"
"image-20250318190444-qphx5m9.png","212981","2025/3/18 11:04:44"
"image-20250413140954-94q7bxb.png","189535","2025/4/13 6:09:54"
"image-20250413143952-soumjw4.png","77072","2025/4/13 6:39:52"
"image-20250414211121-4pb3ba7.png","215120","2025/4/14 13:11:20"
"image-20250414212635-nljk674.png","62998","2025/4/14 13:26:34"
"image-20250414212649-j7xpv6h.png","31547","2025/4/14 13:26:48"
"image-20250414220742-cu3b5qy.png","272265","2025/4/14 14:07:42"
"image-20250414220856-rvztoho.png","227381","2025/4/14 14:08:56"
"image-20250414220943-9b6dz7p.png","208403","2025/4/14 14:09:42"
"image-20250414221003-dhyjsh8.png","68687","2025/4/14 14:10:02"
"image-20250414221021-29kqgpy.png","197129","2025/4/14 14:10:20"
"image-20250416222614-bpej8zo.png","71454","2025/4/16 14:26:14"
"image-20250418105734-t6f8xz0.png","381274","2025/4/18 2:57:34"
"image-20250424211430-z0hftsi.png","410245","2025/4/24 13:14:30"
"image-20250424211442-d2104zk.png","1600445","2025/4/24 13:14:42"
"image-20250424220324-hppcmbk.png","239114","2025/4/24 14:03:24"
"image-20250424220342-jaud4f5.png","166734","2025/4/24 14:03:42"
"image-20250424220414-klfcpyn.png","75595","2025/4/24 14:04:14"
"image-20250424220913-m050onr.png","184356","2025/4/24 14:09:12"
"image-20250426093802-i4ddeq2.png","251189","2025/4/26 1:38:02"
"image-20250426093813-dpixuu7.png","193143","2025/4/26 1:38:12"
"image-20250426095712-eqpwf8w.png","127472","2025/4/26 1:57:12"
"image-20250426113038-740me66.png","369023","2025/4/26 3:30:38"
"image-20250426113230-nldbt81.png","214637","2025/4/26 3:32:30"
"image-20250426113833-wo0xdkc.png","229765","2025/4/26 3:38:32"
"image-20250426113934-zo8765s.png","692877","2025/4/26 3:39:34"
"image-20250426114022-7i6o13v.png","519918","2025/4/26 3:40:22"
"image-20250426114102-31418hk.png","714448","2025/4/26 3:41:02"
"image-20250426114154-8icgn8r.png","2979623","2025/4/26 3:41:54"
"image-20250426114503-20z1bpo.png","251687","2025/4/26 3:45:02"
"image-20250426114609-oy24nmm.png","130016","2025/4/26 3:46:08"
"image-20250426115103-akf89bv.png","267811","2025/4/26 3:51:02"
"image-20250426132606-b8hu1ms.png","187828","2025/4/26 5:26:06"
"image-20250426132638-g23k902.png","2573517","2025/4/26 5:26:38"
"image-20250426132700-gtdn3l0.png","167673","2025/4/26 5:27:00"
"image-20250426132917-1whobez.png","481390","2025/4/26 5:29:16"
"image-20250426133038-9ocejnd.png","970219","2025/4/26 5:30:38"
"image-20250426133131-q8w1ts2.png","1013825","2025/4/26 5:31:30"
"image-20250426134525-qlg9b43.png","583031","2025/4/26 5:45:24"
"image-20250515164153-iwkf1l3.png","155708","2025/5/15 8:41:52"
"image-20250515165304-x29dhll.png","158119","2025/5/15 8:53:04"
"image-20250515165328-qamt7hv.png","167715","2025/5/15 8:53:28"
"image-20250515174454-59pmx82.png","17669","2025/5/15 9:44:54"
"image-20250515174514-ere40ip.png","3004617","2025/5/15 9:45:14"
"image-20250515204554-3zudtuc.png","1788401","2025/5/15 12:45:54"
"image-20250515204609-kjz4khl.png","1372281","2025/5/15 12:46:08"
"image-20250515204628-1fr8p9w.png","2192492","2025/5/15 12:46:28"
"image-20250515204714-ysi2435.png","303036","2025/5/15 12:47:14"
"image-20250515205024-sd2olv7.png","543911","2025/5/15 12:50:24"
"image-20250515205248-2d6992j.png","564165","2025/5/15 12:52:48"
"image-20250515205355-btr0n3m.png","43062","2025/5/15 12:53:54"
"image-20250515205428-otto4mj.png","82143","2025/5/15 12:54:28"
"image-20250515205626-pr46jza.png","385635","2025/5/15 12:56:26"
"image-20250515210305-cyuhkcq.png","499511","2025/5/15 13:03:04"
"image-20250515210654-gor3vo8.png","399870","2025/5/15 13:06:54"
"image-20250515212756-b2daabc.png","2134931","2025/5/15 13:27:56"
"image-20250515212826-7rl3w43.png","2901624","2025/5/15 13:28:26"
"image-20250515213929-q8s6bwp.png","241982","2025/5/15 13:39:28"
"image-20250515214015-t8421r1.png","458075","2025/5/15 13:40:14"
"image-20250515214401-gg0x8f7.png","449903","2025/5/15 13:44:00"
"image-20250515214641-lr7tsuw.png","517130","2025/5/15 13:46:40"
"image-20250515214708-azuechf.png","60813","2025/5/15 13:47:08"
"image-20250515214740-1l9iyv4.png","3132142","2025/5/15 13:47:40"
"image-20250517093621-vxscu5d.png","3280197","2025/5/17 1:36:20"
"image-20250517093857-mjchozy.png","4174590","2025/5/17 1:38:56"
"image-20250517094033-du3jrhd.png","3389874","2025/5/17 1:40:34"
"image-20250517095448-eds9xee.png","251705","2025/5/17 1:54:48"
"image-20250517095533-cq5x76k.png","1167903","2025/5/17 1:55:32"
"image-20250517101031-rd47ssy.png","4534615","2025/5/17 2:10:30"
"image-20250517101756-b667d76.png","336882","2025/5/17 2:17:56"
"image-20250517101852-j2pt5qa.png","3988170","2025/5/17 2:18:52"
"image-20250517121520-9z8hxys.png","138334","2025/5/17 4:15:20"
"image-20250517121535-xadhtjj.png","599138","2025/5/17 4:15:34"
"image-20250517121602-41nay85.png","542991","2025/5/17 4:16:02"
"image-20250517121628-pp74lij.png","421367","2025/5/17 4:16:28"
"image-20250517121852-86594z7.png","327604","2025/5/17 4:18:52"
"image-20250517122005-xyecal3.png","366184","2025/5/17 4:20:04"
"image-20250517122048-hz8zlla.png","449343","2025/5/17 4:20:48"
"image-20250517122450-71xnhe4.png","4054295","2025/5/17 4:24:50"
"image-20250517122510-cexppwc.png","404089","2025/5/17 4:25:10"
"image-20250517124143-t1krkc6.png","108392","2025/5/17 4:41:42"
"image-20250909142713-66002qt.png","60405","2025/9/9 6:27:12"
"image-20250909142807-hkql300.png","54932","2025/9/9 6:28:06"
"image-20250909164320-xt0c7lp.png","154852","2025/9/9 8:43:20"
"image-20250909164454-5o3891d.png","3006705","2025/9/9 8:44:54"
"image-20250909164955-oyvinwz.png","263595","2025/9/9 8:49:54"
"image-20250909165117-68cuine.png","182808","2025/9/9 8:51:16"
"image-20250909165750-7sh8n5e.png","1091723","2025/9/9 8:57:50"
"image-20250911171234-24aiuqk.png","108671","2025/9/11 9:12:34"
"image-20250911172216-93nxcxg.png","318528","2025/9/11 9:22:16"
"image-20250911172424-k9t7bsq.png","173894","2025/9/11 9:24:24"
"image-20250916174201-wrm7jy9.png","354698","2025/9/16 9:42:00"
"image-20250918153224-2ua811l.png","538852","2025/9/18 7:32:24"
"image-20250918153737-apnjdrb.png","60543","2025/9/18 7:37:36"
"image-20250918153821-dzqtjwf.png","49421","2025/9/18 7:38:20"
"image-20250918153830-u8w6zgs.png","95878","2025/9/18 7:38:30"
"image-20250918153920-ab4my2p.png","2927","2025/9/18 7:39:20"
"image-20250918153944-6w1dcv1.png","41474","2025/9/18 7:39:44"
"image-20250918154014-kyzy25y.png","72922","2025/9/18 7:40:14"
"image-20250918154115-2c1jnqx.png","58710","2025/9/18 7:41:14"
"image-20250918155102-0x5aykg.png","98702","2025/9/18 7:51:02"
"image-20250918155507-d7xo1li.png","234260","2025/9/18 7:55:06"
"image-20250918204132-to9udg2.png","32174","2025/9/18 12:41:32"
"image-20250918204320-qthey5i.png","163259","2025/9/18 12:43:20"
"image-20250918204509-eoataez.png","81755","2025/9/18 12:45:08"
"image-20250918204709-u647gbi.png","112412","2025/9/18 12:47:08"
"image-20250918205018-g066atx.png","2580779","2025/9/18 12:50:18"
"image-20250918215853-wc36wrk.png","35609","2025/9/18 13:58:52"
"image-20250918215903-989qenb.png","166109","2025/9/18 13:59:02"
"image-20250918220115-e6qza8x.png","74368","2025/9/18 14:01:14"
"image-20250918220125-6m3d6cf.png","29807","2025/9/18 14:01:24"
"image-20250918220421-pi0z453.png","2972135","2025/9/18 14:04:20"
"image-20250918220513-v7wrflu.png","2421439","2025/9/18 14:05:12"
"image-20250918220532-gis20t0.png","965063","2025/9/18 14:05:32"
"image-20250919122900-vwrqrd2.png","33560","2025/9/19 4:29:00"
"image-20250919123459-2dmec36.png","147816","2025/9/19 4:34:58"
"image-20250919124051-6plxfg8.png","118053","2025/9/19 4:40:50"
"image-20250919124139-kz93qqg.png","120131","2025/9/19 4:41:38"
"image-20250919124226-i2eae50.png","4582236","2025/9/19 4:42:26"
"image-20250919124314-kxda577.png","2260831","2025/9/19 4:43:14"
"image-20250923112034-cpc6xg1.png","159976","2025/9/23 3:20:34"
"image-20250923112108-dnlym0r.png","132007","2025/9/23 3:21:08"
"image-20250923112128-ljcqvsu.png","179790","2025/9/23 3:21:28"
"image-20250923112149-rm8d4sp.png","141494","2025/9/23 3:21:48"
"image-20250923112221-vhvb9q1.png","262990","2025/9/23 3:22:20"
"image-20250924162951-pqzgvib.png","107482","2025/9/24 8:29:50"
"image-20250924163005-yihegzo.png","81678","2025/9/24 8:30:04"
"image-20250924164711-h8q58n4.png","325420","2025/9/24 8:47:10"
"image-20250924165235-s5ouas5.png","21865","2025/9/24 8:52:34"
"image-20250924165352-vpw2g9z.png","240735","2025/9/24 8:53:52"
"image-20250924170604-wq3s256.png","384157","2025/9/24 9:06:04"
"image-20250924170856-ge0ehq6.png","351785","2025/9/24 9:08:56"
"image-20250924171326-83hmn14.png","308726","2025/9/24 9:13:26"
"image-20250925221854-jf9xz0y.png","181953","2025/9/25 14:18:54"
"image-20250925221956-htlcz1f.png","264511","2025/9/25 14:19:56"
"image-20250925222215-c6hkwrl.png","29720","2025/9/25 14:22:14"
"image-20250925222431-z3wsnab.png","51936","2025/9/25 14:24:30"
"image-20250925222556-o1fzlyr.png","47375","2025/9/25 14:25:56"
"image-20250925222722-mzq3klt.png","154436","2025/9/25 14:27:22"
"image-20250925222812-3p6z2ed.png","33197","2025/9/25 14:28:12"
"image-20250925222853-wp2jhgc.png","68936","2025/9/25 14:28:52"
"image-20250926091748-v6rgxk1.png","34111","2025/9/26 1:17:48"
"image-20250926092243-lq86ck9.png","90478","2025/9/26 1:22:42"
"image-20250926092401-8m1pceh.png","45413","2025/9/26 1:24:00"
"image-20250926092433-51rugqs.png","51790","2025/9/26 1:24:32"
"image-20250926093202-ft304gl.png","51141","2025/9/26 1:32:02"
"image-20250926093238-xj88cld.png","26081","2025/9/26 1:32:38"
"image-20250926093318-ssv7z5a.png","1288748","2025/9/26 1:33:18"
"image-20250926101004-eyla6h3.png","205138","2025/9/26 2:10:04"
"image-20250926101124-yvxwsd9.png","190309","2025/9/26 2:11:24"
"image-20250926101253-50tqcly.png","103821","2025/9/26 2:12:52"
"image-20250926101304-e9zmfvk.png","59247","2025/9/26 2:13:04"
"image-20250926101312-kwl5shb.png","61122","2025/9/26 2:13:12"
"image-20250926101338-t5g157o.png","9381","2025/9/26 2:13:38"
"image-20250926101347-xqcahdu.png","110389","2025/9/26 2:13:46"
"image-20250926101354-rx7dmdo.png","148675","2025/9/26 2:13:54"
"image-20250926101405-coe2zr1.png","107518","2025/9/26 2:14:04"
"image-20250926101418-bd08cll.png","148251","2025/9/26 2:14:18"
"image-20250926111113-18gm3h5.png","80208","2025/9/26 3:11:12"
"image-20250926111150-hmnj4vl.png","148920","2025/9/26 3:11:50"
"image-20250926111215-e0mz1m3.png","292109","2025/9/26 3:12:14"
"image-20250926111411-19ifmir.png","94270","2025/9/26 3:14:10"
"image-20250926111747-189ionx.png","3365187","2025/9/26 3:17:46"
"image-20250926152440-bhz8i1n.png","40776","2025/9/26 7:24:40"
"image-20250926152555-stvc1ij.png","184942","2025/9/26 7:25:54"
"image-20250926153358-e19suqn.png","10945","2025/9/26 7:33:58"
"image-20250926153440-g4eqm9u.png","15459","2025/9/26 7:34:40"
"image-20250926154735-933hefp.png","31093","2025/9/26 7:47:34"
"image-20250926155226-o1322nu.png","68069","2025/9/26 7:52:26"
"image-20250926155439-mumhvh2.png","82078","2025/9/26 7:54:38"
"image-20250926160221-ekg0151.png","21222","2025/9/26 8:02:20"
"image-20250926160316-yd6uslz.png","55768","2025/9/26 8:03:16"
"image-20250926160340-onaa0ep.png","49232","2025/9/26 8:03:40"
"image-20250926160419-k70pshy.png","45698","2025/9/26 8:04:18"
"image-20250926160521-dxoxtrg.png","2990890","2025/9/26 8:05:20"
"image-20251027175835-woqp40n.png","1062265","2025/10/27 9:58:34"
"image-20251027180655-pyqwq9u.png","70700","2025/10/27 10:06:54"
"image-20251109174230-3cixayx.png","24464","2025/11/9 9:42:30"
"image-20251114103300-fr1ci2j.png","11287","2025/11/14 2:33:00"
"image-20251126092757-knwb8t4.png","8511","2025/11/26 1:27:56"
"image-20251126092849-l4ssjau.png","201786","2025/11/26 1:28:48"
"image-20251126093755-oxhh6dk.png","119883","2025/11/26 1:37:54"
"image-20251126104727-5f1no90.png","53899","2025/11/26 2:47:26"
"image-20251126105123-jcmhuen.png","68896","2025/11/26 2:51:22"
"image-20251126105727-5j5id56.png","67494","2025/11/26 2:57:26"
"QQ_1758810636426-20250925223041-fa34dl2.png","273674","2025/9/25 14:30:40"
"QQ_1758872309252-20250926153832-6eusbq7.png","142392","2025/9/26 7:38:32"
"QQ_1758872407944-20250926154023-yndn6mm.png","192898","2025/9/26 7:40:22"
"QQ_1758872475335-20250926154118-xda3uhy.png","296765","2025/9/26 7:41:18"
"QQ_1758872536962-20250926154236-0falqvk.png","229568","2025/9/26 7:42:36"
"QQ_1762681422948-20251109174346-jigvi1d.png","472366","2025/11/9 9:43:46"
"QQ_1762682282311-20251109175806-f16ruze.png","258931","2025/11/9 9:58:06"
"QQ_1762682315409-20251109175837-eaqtysd.png","484977","2025/11/9 9:58:36"
"QQ_1762910861037-20251112092743-11pgqkb.png","421297","2025/11/12 1:27:42"
"QQ_1762948289065-20251112195158-ikx3zj5.png","73511","2025/11/12 11:51:58"
"QQ_1762948379401-20251112195302-gbfp7qv.png","62318","2025/11/12 11:53:02"
"QQ_1762948407672-20251112195331-zsyndz9.png","11021","2025/11/12 11:53:30"
"QQ_1763090081043-20251114111444-j8xsd0q.png","465428","2025/11/14 3:14:44"
"QQ_1763091277800-20251114113440-7kiuxgx.png","519974","2025/11/14 3:34:40"
